order_id,order_date,customer_id,region,product,quantity,amount
O-1001,2024-01-05,C01,North,Widget,3,$120.00
O-1002,2024-01-09,C02,South,Gadget,1,€80.00
O-1003,2024-01-15,C03,East,Widget,2,$80.00
O-1004,2024-01-22,C04,West,Gizmo,5,$250.00
O-1004,2024-01-22,C04,West,Gizmo,5,$250.00
O-1005,2024-01-30,C05,North,Gadget,2,€160.00
O-1006,2024-02-03,C06,South,Widget,4,$160.00
O-1007,2024-02-11,C01,North,Gizmo,1,$50.00
O-1008,2024-02-17,C07,East,Widget,6,
O-1009,2024-02-24,C02,South,Gizmo,2,€90.00
O-1010,2024-02-28,C08,West,Gadget,3,$240.00
O-1011,02/03/2024,C03,East,Gadget,1,$80.00
O-1012,2024-03-08,C04,West,Widget,2,$80.00
O-1013,05/03/2024,C09,North,Gizmo,3,€135.00
O-1014,2024-03-19,C05,North,Widget,5,$200.00
O-1014,2024-03-19,C05,North,Widget,5,$200.00
O-1015,25/03/2024,C06,South,Gadget,2,$160.00
O-1016,2024-03-29,C10,East,Gizmo,1,N/A
O-1017,04/04/2024,C07,East,Widget,3,$120.00
O-1018,2024-04-12,C08,West,Gizmo,4,€180.00
O-1019,2024-04-18,C01,North,Gadget,2,$160.00
O-1020,2024-04-25,C09,North,Widget,1,$40.00
O-1021,2024-05-02,C02,South,Widget,2,€70.00
O-1022,2024-05-10,C03,East,Gizmo,6,$300.00
O-1022,2024-05-10,C03,East,Gizmo,6,$300.00
O-1023,2024-05-16,C04,West,Gadget,1,$80.00
O-1024,2024-05-23,C10,East,Widget,4,
O-1025,2024-05-30,C05,North,Gizmo,2,€90.00
O-1026,2024-06-04,C06,South,Widget,3,$120.00
O-1027,2024-06-13,C07,East,Gadget,2,$160.00
O-1027,2024-06-13,C07,East,Gadget,2,$160.00
O-1028,2024-06-21,C08,West,Widget,5,€175.00
O-1029,2024-06-27,C09,North,Gadget,1,$80.00
O-1030,2024-06-30,C01,North,Widget,2,$80.00
